{
  "proposal_006": {
    "opinion_score": {
      "mean_absolute_error": 2.2857142857142856,
      "region_errors": {
        "3.1": 2.2857142857142856
      },
      "correlation": 0.19678448882547994
    },
    "reason_match": {
      "jaccard_similarity": 0.14880952380952378,
      "region_similarities": {
        "3.1": 0.14880952380952378
      },
      "most_common_correct": {
        "3.1": [
          [
            "A",
            5
          ],
          [
            "B",
            3
          ],
          [
            "H",
            2
          ]
        ]
      },
      "most_common_incorrect": {
        "3.1": [
          [
            "B",
            7
          ],
          [
            "A",
            5
          ],
          [
            "H",
            5
          ]
        ]
      }
    }
  },
  "proposal_003": {
    "opinion_score": {
      "mean_absolute_error": 2.642857142857143,
      "region_errors": {
        "2.1": 2.642857142857143
      },
      "correlation": 0.1299706256614616
    },
    "reason_match": {
      "jaccard_similarity": 0.24965986394557824,
      "region_similarities": {
        "2.1": 0.24965986394557824
      },
      "most_common_correct": {
        "2.1": [
          [
            "A",
            6
          ],
          [
            "B",
            3
          ],
          [
            "H",
            2
          ]
        ]
      },
      "most_common_incorrect": {
        "2.1": [
          [
            "B",
            6
          ],
          [
            "A",
            4
          ],
          [
            "H",
            4
          ]
        ]
      }
    }
  },
  "proposal_000": {
    "opinion_score": {
      "mean_absolute_error": 2.642857142857143,
      "region_errors": {
        "1.1": 2.642857142857143
      },
      "correlation": -0.17860138506220172
    },
    "reason_match": {
      "jaccard_similarity": 0.1392857142857143,
      "region_similarities": {
        "1.1": 0.1392857142857143
      },
      "most_common_correct": {
        "1.1": [
          [
            "A",
            5
          ],
          [
            "C",
            1
          ],
          [
            "G",
            1
          ]
        ]
      },
      "most_common_incorrect": {
        "1.1": [
          [
            "B",
            5
          ],
          [
            "H",
            4
          ],
          [
            "J",
            3
          ]
        ]
      }
    }
  },
  "proposal_005": {
    "opinion_score": {
      "mean_absolute_error": 2.142857142857143,
      "region_errors": {
        "2.3": 2.142857142857143
      },
      "correlation": 0.20361754849472238
    },
    "reason_match": {
      "jaccard_similarity": 0.14999999999999997,
      "region_similarities": {
        "2.3": 0.14999999999999997
      },
      "most_common_correct": {
        "2.3": [
          [
            "A",
            5
          ],
          [
            "H",
            2
          ],
          [
            "B",
            1
          ]
        ]
      },
      "most_common_incorrect": {
        "2.3": [
          [
            "B",
            9
          ],
          [
            "A",
            7
          ],
          [
            "H",
            5
          ]
        ]
      }
    }
  },
  "proposal_002": {
    "opinion_score": {
      "mean_absolute_error": 2.5714285714285716,
      "region_errors": {
        "1.3": 2.5714285714285716
      },
      "correlation": 0.24776070280344797
    },
    "reason_match": {
      "jaccard_similarity": 0.11190476190476191,
      "region_similarities": {
        "1.3": 0.11190476190476191
      },
      "most_common_correct": {
        "1.3": [
          [
            "A",
            3
          ],
          [
            "B",
            2
          ],
          [
            "K",
            1
          ]
        ]
      },
      "most_common_incorrect": {
        "1.3": [
          [
            "H",
            5
          ],
          [
            "A",
            4
          ],
          [
            "B",
            4
          ]
        ]
      }
    }
  },
  "proposal_007": {
    "opinion_score": {
      "mean_absolute_error": 2.4285714285714284,
      "region_errors": {
        "3.2": 2.4285714285714284
      },
      "correlation": -0.471620022826513
    },
    "reason_match": {
      "jaccard_similarity": 0.20595238095238094,
      "region_similarities": {
        "3.2": 0.20595238095238094
      },
      "most_common_correct": {
        "3.2": [
          [
            "A",
            5
          ],
          [
            "H",
            4
          ],
          [
            "B",
            3
          ]
        ]
      },
      "most_common_incorrect": {
        "3.2": [
          [
            "B",
            6
          ],
          [
            "G",
            4
          ],
          [
            "A",
            3
          ]
        ]
      }
    }
  },
  "proposal_004": {
    "opinion_score": {
      "mean_absolute_error": 2.2857142857142856,
      "region_errors": {
        "2.2": 2.2857142857142856
      },
      "correlation": 0.4331835624396199
    },
    "reason_match": {
      "jaccard_similarity": 0.2642857142857143,
      "region_similarities": {
        "2.2": 0.2642857142857143
      },
      "most_common_correct": {
        "2.2": [
          [
            "A",
            7
          ],
          [
            "B",
            4
          ],
          [
            "H",
            2
          ]
        ]
      },
      "most_common_incorrect": {
        "2.2": [
          [
            "B",
            6
          ],
          [
            "H",
            4
          ],
          [
            "A",
            3
          ]
        ]
      }
    }
  },
  "proposal_001": {
    "opinion_score": {
      "mean_absolute_error": 2.0714285714285716,
      "region_errors": {
        "1.2": 2.0714285714285716
      },
      "correlation": 0.04895354638983787
    },
    "reason_match": {
      "jaccard_similarity": 0.20357142857142857,
      "region_similarities": {
        "1.2": 0.20357142857142857
      },
      "most_common_correct": {
        "1.2": [
          [
            "A",
            6
          ],
          [
            "H",
            4
          ],
          [
            "C",
            1
          ]
        ]
      },
      "most_common_incorrect": {
        "1.2": [
          [
            "B",
            6
          ],
          [
            "G",
            3
          ],
          [
            "J",
            3
          ]
        ]
      }
    }
  },
  "proposal_008": {
    "opinion_score": {
      "mean_absolute_error": 2.2857142857142856,
      "region_errors": {
        "3.3": 2.2857142857142856
      },
      "correlation": 0.11225331376673431
    },
    "reason_match": {
      "jaccard_similarity": 0.12704081632653058,
      "region_similarities": {
        "3.3": 0.12704081632653058
      },
      "most_common_correct": {
        "3.3": [
          [
            "A",
            4
          ],
          [
            "C",
            2
          ],
          [
            "F",
            1
          ]
        ]
      },
      "most_common_incorrect": {
        "3.3": [
          [
            "A",
            5
          ],
          [
            "B",
            5
          ],
          [
            "H",
            3
          ]
        ]
      }
    }
  }
}