{
  "proposal_006": {
    "opinion_score": {
      "mean_absolute_error": 2.142857142857143,
      "region_errors": {
        "3.1": 2.142857142857143
      },
      "correlation": 0.4145748633112389
    },
    "reason_match": {
      "jaccard_similarity": 0.07976190476190477,
      "region_similarities": {
        "3.1": 0.07976190476190477
      },
      "most_common_correct": {
        "3.1": [
          [
            "E",
            2
          ],
          [
            "F",
            1
          ],
          [
            "B",
            1
          ]
        ]
      },
      "most_common_incorrect": {
        "3.1": [
          [
            "K",
            4
          ],
          [
            "F",
            3
          ],
          [
            "J",
            3
          ]
        ]
      }
    }
  },
  "proposal_003": {
    "opinion_score": {
      "mean_absolute_error": 2.0714285714285716,
      "region_errors": {
        "2.1": 2.0714285714285716
      },
      "correlation": 0.13923527073211703
    },
    "reason_match": {
      "jaccard_similarity": 0.14166666666666666,
      "region_similarities": {
        "2.1": 0.14166666666666666
      },
      "most_common_correct": {
        "2.1": [
          [
            "B",
            3
          ],
          [
            "E",
            2
          ],
          [
            "H",
            1
          ]
        ]
      },
      "most_common_incorrect": {
        "2.1": [
          [
            "I",
            4
          ],
          [
            "F",
            3
          ],
          [
            "G",
            2
          ]
        ]
      }
    }
  },
  "proposal_000": {
    "opinion_score": {
      "mean_absolute_error": 2.7857142857142856,
      "region_errors": {
        "1.1": 2.7857142857142856
      },
      "correlation": -0.023017413505937483
    },
    "reason_match": {
      "jaccard_similarity": 0.11904761904761904,
      "region_similarities": {
        "1.1": 0.11904761904761904
      },
      "most_common_correct": {
        "1.1": [
          [
            "A",
            4
          ],
          [
            "B",
            1
          ],
          [
            "E",
            1
          ]
        ]
      },
      "most_common_incorrect": {
        "1.1": [
          [
            "H",
            5
          ],
          [
            "D",
            3
          ],
          [
            "F",
            3
          ]
        ]
      }
    }
  },
  "proposal_005": {
    "opinion_score": {
      "mean_absolute_error": 2.642857142857143,
      "region_errors": {
        "2.3": 2.642857142857143
      },
      "correlation": -0.12478165394927102
    },
    "reason_match": {
      "jaccard_similarity": 0.10714285714285712,
      "region_similarities": {
        "2.3": 0.10714285714285712
      },
      "most_common_correct": {
        "2.3": [
          [
            "A",
            3
          ],
          [
            "I",
            2
          ],
          [
            "C",
            1
          ]
        ]
      },
      "most_common_incorrect": {
        "2.3": [
          [
            "H",
            4
          ],
          [
            "F",
            3
          ],
          [
            "I",
            3
          ]
        ]
      }
    }
  },
  "proposal_002": {
    "opinion_score": {
      "mean_absolute_error": 3.2857142857142856,
      "region_errors": {
        "1.3": 3.2857142857142856
      },
      "correlation": -0.1742374243880711
    },
    "reason_match": {
      "jaccard_similarity": 0.041666666666666664,
      "region_similarities": {
        "1.3": 0.041666666666666664
      },
      "most_common_correct": {
        "1.3": [
          [
            "G",
            2
          ],
          [
            "D",
            1
          ]
        ]
      },
      "most_common_incorrect": {
        "1.3": [
          [
            "L",
            5
          ],
          [
            "C",
            3
          ],
          [
            "D",
            3
          ]
        ]
      }
    }
  },
  "proposal_007": {
    "opinion_score": {
      "mean_absolute_error": 2.4285714285714284,
      "region_errors": {
        "3.2": 2.4285714285714284
      },
      "correlation": 0.01627430347634391
    },
    "reason_match": {
      "jaccard_similarity": 0.1125,
      "region_similarities": {
        "3.2": 0.1125
      },
      "most_common_correct": {
        "3.2": [
          [
            "B",
            2
          ],
          [
            "A",
            2
          ],
          [
            "F",
            1
          ]
        ]
      },
      "most_common_incorrect": {
        "3.2": [
          [
            "J",
            6
          ],
          [
            "G",
            4
          ],
          [
            "K",
            3
          ]
        ]
      }
    }
  },
  "proposal_004": {
    "opinion_score": {
      "mean_absolute_error": 2.642857142857143,
      "region_errors": {
        "2.2": 2.642857142857143
      },
      "correlation": -0.3952386942984318
    },
    "reason_match": {
      "jaccard_similarity": 0.1238095238095238,
      "region_similarities": {
        "2.2": 0.1238095238095238
      },
      "most_common_correct": {
        "2.2": [
          [
            "A",
            3
          ],
          [
            "E",
            2
          ],
          [
            "H",
            2
          ]
        ]
      },
      "most_common_incorrect": {
        "2.2": [
          [
            "G",
            3
          ],
          [
            "E",
            3
          ],
          [
            "B",
            3
          ]
        ]
      }
    }
  },
  "proposal_001": {
    "opinion_score": {
      "mean_absolute_error": 2.857142857142857,
      "region_errors": {
        "1.2": 2.857142857142857
      },
      "correlation": -0.29047232102893233
    },
    "reason_match": {
      "jaccard_similarity": 0.07738095238095237,
      "region_similarities": {
        "1.2": 0.07738095238095237
      },
      "most_common_correct": {
        "1.2": [
          [
            "C",
            3
          ],
          [
            "A",
            1
          ]
        ]
      },
      "most_common_incorrect": {
        "1.2": [
          [
            "F",
            3
          ],
          [
            "K",
            3
          ],
          [
            "B",
            3
          ]
        ]
      }
    }
  },
  "proposal_008": {
    "opinion_score": {
      "mean_absolute_error": 2.0714285714285716,
      "region_errors": {
        "3.3": 2.0714285714285716
      },
      "correlation": -0.1301296834631832
    },
    "reason_match": {
      "jaccard_similarity": 0.07568027210884352,
      "region_similarities": {
        "3.3": 0.07568027210884352
      },
      "most_common_correct": {
        "3.3": [
          [
            "F",
            2
          ],
          [
            "B",
            2
          ],
          [
            "A",
            1
          ]
        ]
      },
      "most_common_incorrect": {
        "3.3": [
          [
            "I",
            4
          ],
          [
            "J",
            4
          ],
          [
            "D",
            3
          ]
        ]
      }
    }
  }
}